Url|Status Code|Title|Content_Length
https://118.123.2.232:443/lib/ | 403 | 403 Forbidden | 254
http://112.65.142.86:8000/error/ | 403 | Access forbidden! | 1039
http://120.55.139.114:80/html/ | 403 | 403 Forbidden | 570
http://120.55.139.114:80/static/ | 403 | 403 Forbidden | 570
https://118.123.2.232:443/online/ | 403 | 403 Forbidden | 254
https://118.123.2.232:443/template/ | 403 | 403 Forbidden | 254
https://118.123.2.232:443/conf/ | 403 | 403 Forbidden | 254
https://118.123.2.232:443/img/ | 403 | 403 Forbidden | 254
http://120.55.139.114:80/page/ | 403 | 403 Forbidden | 570
